variables	PC1	PC2	PC3	PC4	PC5	PC6	PC7
elementary_school_count	-0.3969939938812126	-0.44608095035089285	-0.11288224187098891	0.19227833173210657	0.32503338038352775	-0.6908067115470273	-0.10408451417393681
kindergarten_count	-0.40847488314252334	-0.3868709468049454	-0.08668390203221886	0.2497371976597649	0.31734494974877553	0.6871503086253462	0.20177465108011344
university_count	-0.32635551215808656	-0.3347539076993861	0.6056225304157771	-0.5958346067966807	-0.2410584422856577	0.029365826284147967	-0.02574584645571068
academy_ratio	-0.33290466514366135	0.32994083360828147	-0.5204990430303666	-0.6503505009817012	0.28577672334896387	0.0063935713276924155	0.06876982592961464
elderly_population_ratio	0.3957687335827727	-0.44986496729619363	-0.2573948833211489	-0.20901892820526108	-0.13134256806718286	-0.1213046967239684	0.7064572759736588
elderly_alone_ratio	0.38417601970529325	-0.47316829363170176	-0.3118303060607279	-0.2388667420643076	0.03736861024640396	0.1865361094853782	-0.661840583803252
nursing_home_count	-0.39241113347514933	-0.06445774547260827	-0.42255808088128766	0.1481198489574166	-0.797007335651257	0.014027171516917236	-0.07711306878481355
