variables	PC1	PC2	PC3	PC4	PC5	PC6	PC7
elementary_school_count	-0.3969939938812126	-0.44608095035089296	-0.11288224187098918	0.19227833173210618	0.3250333803835277	-0.6908067115470278	-0.10408451417393673
kindergarten_count	-0.40847488314252367	-0.3868709468049457	-0.08668390203221915	0.24973719765976446	0.3173449497487758	0.6871503086253463	0.20177465108011342
university_count	-0.3263555121580863	-0.334753907699386	0.6056225304157798	-0.5958346067966793	-0.2410584422856582	0.029365826284147745	-0.025745846455710583
academy_ratio	-0.33290466514366146	0.329940833608281	-0.5204990430303651	-0.6503505009817033	0.28577672334896403	0.006393571327692665	0.06876982592961423
elderly_population_ratio	0.3957687335827728	-0.44986496729619385	-0.2573948833211484	-0.20901892820526224	-0.1313425680671825	-0.12130469672396849	0.706457275973659
elderly_alone_ratio	0.3841760197052932	-0.4731682936317023	-0.31183030606072676	-0.23886674206430814	0.03736861024640329	0.18653610948537794	-0.6618405838032523
nursing_home_count	-0.3924111334751494	-0.06445774547260838	-0.4225580808812883	0.1481198489574162	-0.7970073356512576	0.014027171516917458	-0.07711306878481346
