variables	PC1	PC2	PC3	PC4	PC5	PC6	PC7
elementary_school_count	-0.39699399388121276	-0.4460809503508931	-0.1128822418709883	0.19227833173210662	0.3250333803835274	-0.690806711547028	-0.10408451417393551
kindergarten_count	-0.4084748831425238	-0.38687094680494555	-0.08668390203221829	0.24973719765976451	0.31734494974877503	0.6871503086253467	0.2017746510801122
university_count	-0.32635551215808634	-0.33475390769938534	0.6056225304157771	-0.5958346067966812	-0.24105844228565732	0.029365826284147967	-0.02574584645571089
academy_ratio	-0.33290466514366146	0.32994083360828086	-0.5204990430303675	-0.6503505009817003	0.2857767233489637	0.006393571327692721	0.06876982592961436
elderly_population_ratio	0.39576873358277287	-0.44986496729619396	-0.25739488332114874	-0.2090189282052612	-0.13134256806718286	-0.12130469672396724	0.706457275973659
elderly_alone_ratio	0.3841760197052932	-0.4731682936317021	-0.31183030606072715	-0.23886674206430678	0.03736861024640364	0.18653610948537677	-0.6618405838032528
nursing_home_count	-0.39241113347514944	-0.06445774547260844	-0.4225580808812866	0.14811984895741692	-0.7970073356512569	0.014027171516917125	-0.07711306878481364
