score_org	score_pca
0.42543859649122806	0.4956140350877193
