key	term	estimate	std.error	statistic	p.value
confirmed	Asym	9448.406039896929	85.78245922756618	110.14380008425644	1.0756853494987244e-84
confirmed	xmid	62.65072595605099	0.2361641205079954	265.2846919391802	3.035451913227312e-113
confirmed	scal	4.461453324366521	0.20139713869282044	22.152515936044757	1.2156959105482834e-34
deceased	Asym	223.9736356178831	5.770335468631862	38.814664560739466	2.0995604425908632e-51
deceased	xmid	81.19226231614722	0.6178642062793788	131.40793962651824	2.048677685020814e-90
deceased	scal	9.512989675722864	0.2850079034979305	33.37798551888909	9.353548711636411e-47
